name,price,url
Люстра Ливсден Brown,17 590,/product/lyustra-livsden-brown
Подвесной светильник Ливсден Brown,3990,/product/podvesnoj-svetilnik-livsden-brown
Настольная лампа Ливсден Brown,7590,/product/nastolnaya-lampa-livsden-brown
Бра Флиммер Black,1390,/product/bra-flimmer-black
Люстра Флиммер Black,6290,/product/lyustra-flimmer-black
Подвесной светильник Флиммер Black,1590,/product/podvesnoj-svetilnik-flimmer-black
Настольная лампа Арбет Orange,2390,/product/nastolnaya-lampa-arbet-orange
name,price,url
Люстра Ливсден Brown,17 590,/product/lyustra-livsden-brown
Подвесной светильник Ливсден Brown,3990,/product/podvesnoj-svetilnik-livsden-brown
Настольная лампа Ливсден Brown,7590,/product/nastolnaya-lampa-livsden-brown
Бра Флиммер Black,1390,/product/bra-flimmer-black
Люстра Флиммер Black,6290,/product/lyustra-flimmer-black
Подвесной светильник Флиммер Black,1590,/product/podvesnoj-svetilnik-flimmer-black
Настольная лампа Арбет Orange,2390,/product/nastolnaya-lampa-arbet-orange
